username, password, first_name, last_name, email, registration_date, dob, gender
ivan1~aaf4c61ddcc5e8a2dabede0f3b482cd9aea9434d~Ivan~Ludgate~ivan1@gmail.com~1450052007.0~1965-03-21~Male
jennifer2~aaf4c61ddcc5e8a2dabede0f3b482cd9aea9434d~Jennifer~Thompson~jennifer2@gmail.com~1434730300.0~1989-11-17~Female
amber3~aaf4c61ddcc5e8a2dabede0f3b482cd9aea9434d~Amber~Wilson~amber3@yahoo.com~1463014912.0~1978-08-26~Female
carl4~aaf4c61ddcc5e8a2dabede0f3b482cd9aea9434d~Carl~Smith~carl4@yahoo.com~1418736983.0~1953-08-14~Male
mirna5~aaf4c61ddcc5e8a2dabede0f3b482cd9aea9434d~Mirna~Burlington~mirna5@yahoo.com~1397196680.0~1992-07-31~Female
rick6~aaf4c61ddcc5e8a2dabede0f3b482cd9aea9434d~Rick~Swift~rick6@yahoo.com~1455267150.0~1969-05-17~Male
don7~aaf4c61ddcc5e8a2dabede0f3b482cd9aea9434d~Don~Tailor~don7@yahoo.com~1522126164.0~1957-02-05~Male
guy8~aaf4c61ddcc5e8a2dabede0f3b482cd9aea9434d~Guy~Burlington~guy8@hotmail.com~1406161094.0~1974-02-19~Male
gigi9~aaf4c61ddcc5e8a2dabede0f3b482cd9aea9434d~Gigi~Bohr~gigi9@gmail.com~1520733119.0~1980-10-22~Female
guy10~aaf4c61ddcc5e8a2dabede0f3b482cd9aea9434d~Guy~Dennis~guy10@gmail.com~1435555792.0~1971-01-01~Male
nelly11~aaf4c61ddcc5e8a2dabede0f3b482cd9aea9434d~Nelly~Andrews~nelly11@hotmail.com~1431955129.0~1993-07-17~Female
hillary12~aaf4c61ddcc5e8a2dabede0f3b482cd9aea9434d~Hillary~Swift~hillary12@hotmail.com~1525709864.0~1978-03-22~Female
gendry13~aaf4c61ddcc5e8a2dabede0f3b482cd9aea9434d~Gendry~Anderson~gendry13@hotmail.com~1502304727.0~1991-07-20~Male
cecilia14~aaf4c61ddcc5e8a2dabede0f3b482cd9aea9434d~Cecilia~Thompson~cecilia14@gmail.com~1422554883.0~1996-11-17~Female
eyra15~aaf4c61ddcc5e8a2dabede0f3b482cd9aea9434d~Eyra~Edwards~eyra15@hotmail.com~1474335999.0~1947-06-07~Female
buck16~aaf4c61ddcc5e8a2dabede0f3b482cd9aea9434d~Buck~Smith~buck16@yahoo.com~1521149880.0~1972-01-13~Male
daniel17~aaf4c61ddcc5e8a2dabede0f3b482cd9aea9434d~Daniel~Doe~daniel17@hotmail.com~1438087950.0~1952-10-14~Male
ana18~aaf4c61ddcc5e8a2dabede0f3b482cd9aea9434d~Ana~Thorpe~ana18@yahoo.com~1393619442.0~1986-04-13~Female
daniel19~aaf4c61ddcc5e8a2dabede0f3b482cd9aea9434d~Daniel~Evans~daniel19@hotmail.com~1523426641.0~1965-10-13~Male
andrew20~aaf4c61ddcc5e8a2dabede0f3b482cd9aea9434d~Andrew~Barnes~andrew20@hotmail.com~1510396912.0~1998-12-02~Male
hector21~aaf4c61ddcc5e8a2dabede0f3b482cd9aea9434d~Hector~Spencer~hector21@gmail.com~1394792831.0~2000-02-05~Male
ivan22~aaf4c61ddcc5e8a2dabede0f3b482cd9aea9434d~Ivan~Perkins~ivan22@gmail.com~1449381040.0~1993-10-19~Male
frank23~aaf4c61ddcc5e8a2dabede0f3b482cd9aea9434d~Frank~Baker~frank23@hotmail.com~1488328669.0~1942-05-04~Male
andrea24~aaf4c61ddcc5e8a2dabede0f3b482cd9aea9434d~Andrea~Black~andrea24@yahoo.com~1460140709.0~1962-11-22~Female
ben25~aaf4c61ddcc5e8a2dabede0f3b482cd9aea9434d~Ben~Burnstein~ben25@hotmail.com~1486780570.0~1982-08-30~Male
isadora26~aaf4c61ddcc5e8a2dabede0f3b482cd9aea9434d~Isadora~Lewis~isadora26@hotmail.com~1407229180.0~1960-12-04~Female
mirna27~aaf4c61ddcc5e8a2dabede0f3b482cd9aea9434d~Mirna~Anderson~mirna27@yahoo.com~1390502212.0~1956-07-07~Female
jennifer28~aaf4c61ddcc5e8a2dabede0f3b482cd9aea9434d~Jennifer~Anderson~jennifer28@yahoo.com~1464298771.0~1965-04-19~Female
isaac29~aaf4c61ddcc5e8a2dabede0f3b482cd9aea9434d~Isaac~Vincenti~isaac29@yahoo.com~1468122126.0~1942-08-09~Male
ana30~aaf4c61ddcc5e8a2dabede0f3b482cd9aea9434d~Ana~Traeger~ana30@hotmail.com~1490364508.0~1996-03-05~Female
amber31~aaf4c61ddcc5e8a2dabede0f3b482cd9aea9434d~Amber~Evans~amber31@hotmail.com~1484333175.0~1975-09-27~Female
joe32~aaf4c61ddcc5e8a2dabede0f3b482cd9aea9434d~Joe~Black~joe32@gmail.com~1441015763.0~1984-07-04~Male
dan33~aaf4c61ddcc5e8a2dabede0f3b482cd9aea9434d~Dan~Ludgate~dan33@gmail.com~1527202408.0~1941-03-07~Male
kendra34~aaf4c61ddcc5e8a2dabede0f3b482cd9aea9434d~Kendra~Black~kendra34@gmail.com~1422586207.0~1993-06-16~Female
cody35~aaf4c61ddcc5e8a2dabede0f3b482cd9aea9434d~Cody~Williams~cody35@gmail.com~1527922400.0~1984-01-15~Male
karla36~aaf4c61ddcc5e8a2dabede0f3b482cd9aea9434d~Karla~Thorpe~karla36@yahoo.com~1415199399.0~1966-05-21~Female
aurora37~aaf4c61ddcc5e8a2dabede0f3b482cd9aea9434d~Aurora~Black~aurora37@hotmail.com~1408916148.0~1966-11-19~Female
abby38~aaf4c61ddcc5e8a2dabede0f3b482cd9aea9434d~Abby~Wade~abby38@yahoo.com~1400856910.0~2001-05-24~Female
andrea39~aaf4c61ddcc5e8a2dabede0f3b482cd9aea9434d~Andrea~Black~andrea39@hotmail.com~1528030987.0~1995-02-24~Female
victor40~aaf4c61ddcc5e8a2dabede0f3b482cd9aea9434d~Victor~Burnstein~victor40@gmail.com~1430683584.0~1957-12-07~Male
jora41~aaf4c61ddcc5e8a2dabede0f3b482cd9aea9434d~Jora~Spencer~jora41@hotmail.com~1418147715.0~1986-07-07~Male
hillary42~aaf4c61ddcc5e8a2dabede0f3b482cd9aea9434d~Hillary~Perkins~hillary42@hotmail.com~1503484581.0~1994-04-19~Female
lin43~aaf4c61ddcc5e8a2dabede0f3b482cd9aea9434d~Lin~Andrews~lin43@gmail.com~1525351091.0~1985-12-26~Female
mirna44~aaf4c61ddcc5e8a2dabede0f3b482cd9aea9434d~Mirna~Bohr~mirna44@hotmail.com~1478875792.0~1992-02-24~Female
abby45~aaf4c61ddcc5e8a2dabede0f3b482cd9aea9434d~Abby~Andrews~abby45@gmail.com~1393670194.0~1957-01-19~Female
selena46~aaf4c61ddcc5e8a2dabede0f3b482cd9aea9434d~Selena~Lewis~selena46@gmail.com~1392396054.0~1981-08-07~Female
randy47~aaf4c61ddcc5e8a2dabede0f3b482cd9aea9434d~Randy~Bohr~randy47@yahoo.com~1494223502.0~1947-08-15~Male
chris48~aaf4c61ddcc5e8a2dabede0f3b482cd9aea9434d~Chris~Bohr~chris48@hotmail.com~1440647831.0~1992-03-19~Male
usha49~aaf4c61ddcc5e8a2dabede0f3b482cd9aea9434d~Usha~Edwards~usha49@gmail.com~1441214493.0~1968-05-01~Female
terry50~aaf4c61ddcc5e8a2dabede0f3b482cd9aea9434d~Terry~Andrews~terry50@gmail.com~1390231104.0~1992-07-08~Male
